iso3,iso2,country,countryZh,capital,latitude,longitude,label,search,notes,unMember,source
AFG,AF,Afghanistan,阿富汗,Kabul,34.518636,69.181314,阿富汗 / Afghanistan — Kabul,阿富汗 afghanistan kabul afg af af afġānistān,,True,Natural Earth 10m populated places; ne_id=1159151561
AGO,AO,Angola,安哥拉,Luanda,-8.83634,13.232481,安哥拉 / Angola — Luanda,安哥拉 angola luanda ago ao ao república de angola ʁɛpublika de an'ɡɔla,,True,Natural Earth 10m populated places; ne_id=1159151469
ALB,AL,Albania,阿尔巴尼亚,Tirana,41.327541,19.818883,阿尔巴尼亚 / Albania — Tirana,阿尔巴尼亚 albania tirana alb al al shqipëri shqipëria shqipnia,,True,Natural Earth 10m populated places; ne_id=1159151117
AND,AD,Andorra,安道尔,Andorra,42.510753,1.526594,安道尔 / Andorra — Andorra,安道尔 andorra andorra and ad ad principality of andorra principat d'andorra,,True,Natural Earth 10m populated places; ne_id=1159149089
ARE,AE,United Arab Emirates,阿拉伯联合酋长国,Abu Dhabi,24.466684,54.366593,阿拉伯联合酋长国 / United Arab Emirates — Abu Dhabi,阿拉伯联合酋长国 united arab emirates abu dhabi are ae ae uae emirates,,True,Natural Earth 10m populated places; ne_id=1159150565
ARG,AR,Argentina,阿根廷,Buenos Aires,-34.610715,-58.432513,阿根廷 / Argentina — Buenos Aires,阿根廷 argentina buenos aires arg ar ar argentine republic república argentina,,True,Natural Earth 10m populated places; ne_id=1159151559
ARM,AM,Armenia,亚美尼亚,Yerevan,40.183097,44.511606,亚美尼亚 / Armenia — Yerevan,亚美尼亚 armenia yerevan arm am am hayastan republic of armenia հայաստանի հանրապետություն,,True,Natural Earth 10m populated places; ne_id=1159151119
ATG,AG,Antigua and Barbuda,安提瓜和巴布达,Saint John's,17.118036,-61.850034,安提瓜和巴布达 / Antigua and Barbuda — Saint John's,安提瓜和巴布达 antigua and barbuda saint john's atg ag ag,,True,Natural Earth 10m populated places; ne_id=1159150457
AUS,AU,Australia,澳大利亚,Canberra,-35.283029,149.129026,澳大利亚 / Australia — Canberra,澳大利亚 australia canberra aus au au,,True,Natural Earth 10m populated places; ne_id=1159151161
AUT,AT,Austria,奥地利,Vienna,48.201961,16.364693,奥地利 / Austria — Vienna,奥地利 austria vienna aut at at osterreich oesterreich,,True,Natural Earth 10m populated places; ne_id=1159151563
AZE,AZ,Azerbaijan,阿塞拜疆,Baku,40.397218,49.860271,阿塞拜疆 / Azerbaijan — Baku,阿塞拜疆 azerbaijan baku aze az az republic of azerbaijan azərbaycan respublikası,,True,Natural Earth 10m populated places; ne_id=1159151123
BDI,BI,Burundi,布隆迪,Gitega,-3.426007,29.843594,布隆迪 / Burundi — Gitega,布隆迪 burundi gitega bdi bi bi republic of burundi republika y'uburundi république du burundi,2019 年迁都基特加；布琼布拉为经济中心。,True,Natural Earth 10m populated places; ne_id=1159146001
BEL,BE,Belgium,比利时,Brussels,50.835263,4.331371,比利时 / Belgium — Brussels,比利时 belgium brussels bel be be belgië belgie belgien belgique kingdom of belgium koninkrijk belgië royaume de belgique königreich belgien,,True,Natural Earth 10m populated places; ne_id=1159151465
BEN,BJ,Benin,贝宁,Porto-Novo,6.483311,2.616626,贝宁 / Benin — Porto-Novo,贝宁 benin porto-novo ben bj bj republic of benin république du bénin,法定首都波多诺伏；科托努为政府所在地。,True,Natural Earth 10m populated places; ne_id=1159150345
BFA,BF,Burkina Faso,布基纳法索,Ouagadougou,12.372262,-1.52667,布基纳法索 / Burkina Faso — Ouagadougou,布基纳法索 burkina faso ouagadougou bfa bf bf,,True,Natural Earth 10m populated places; ne_id=1159151173
BGD,BD,Bangladesh,孟加拉国,Dhaka,23.725006,90.406634,孟加拉国 / Bangladesh — Dhaka,孟加拉国 bangladesh dhaka bgd bd bd people's republic of bangladesh gônôprôjatôntri bangladesh,,True,Natural Earth 10m populated places; ne_id=1159151467
BGR,BG,Bulgaria,保加利亚,Sofia,42.685295,23.314708,保加利亚 / Bulgaria — Sofia,保加利亚 bulgaria sofia bgr bg bg republic of bulgaria република българия,,True,Natural Earth 10m populated places; ne_id=1159151147
BHR,BH,Bahrain,巴林,Manama,26.236136,50.583052,巴林 / Bahrain — Manama,巴林 bahrain manama bhr bh bh kingdom of bahrain mamlakat al-baḥrayn,,True,Natural Earth 10m populated places; ne_id=1159150451
BHS,BS,Bahamas,巴哈马,Nassau,25.08339,-77.350044,巴哈马 / Bahamas — Nassau,巴哈马 bahamas nassau bhs bs bs commonwealth of the bahamas,,True,Natural Earth 10m populated places; ne_id=1159151207
BIH,BA,Bosnia and Herzegovina,波斯尼亚和黑塞哥维那,Sarajevo,43.850022,18.383002,波斯尼亚和黑塞哥维那 / Bosnia and Herzegovina — Sarajevo,波斯尼亚和黑塞哥维那 bosnia and herzegovina sarajevo bih ba ba bosnia-herzegovina босна и херцеговина,,True,Natural Earth 10m populated places; ne_id=1159151177
BLR,BY,Belarus,白俄罗斯,Minsk,53.901923,27.564681,白俄罗斯 / Belarus — Minsk,白俄罗斯 belarus minsk blr by by bielaruś republic of belarus белоруссия республика белоруссия,,True,Natural Earth 10m populated places; ne_id=1159151149
BLZ,BZ,Belize,伯利兹,Belmopan,17.252033,-88.767073,伯利兹 / Belize — Belmopan,伯利兹 belize belmopan blz bz bz,,True,Natural Earth 10m populated places; ne_id=1159151109
BOL,BO,Bolivia,玻利维亚,Sucre,-19.040971,-65.259516,玻利维亚 / Bolivia — Sucre,"玻利维亚 bolivia sucre bol bo bo buliwya wuliwya bolivia, plurinational state of plurinational state of bolivia estado plurinacional de bolivia buliwya mamallaqta wuliwya suyu tetã volívia",宪法首都苏克雷；拉巴斯为政府所在地。,True,Natural Earth 10m populated places; ne_id=1159151095
BRA,BR,Brazil,巴西,Brasília,-15.781394,-47.917998,巴西 / Brazil — Brasília,巴西 brazil brasília bra br br brasil federative republic of brazil república federativa do brasil,,True,Natural Earth 10m populated places; ne_id=1159151443
BRB,BB,Barbados,巴巴多斯,Bridgetown,13.102003,-59.616527,巴巴多斯 / Barbados — Bridgetown,巴巴多斯 barbados bridgetown brb bb bb,,True,Natural Earth 10m populated places; ne_id=1159150339
BRN,BN,Brunei,文莱,Bandar Seri Begawan,4.883331,114.933284,文莱 / Brunei — Bandar Seri Begawan,文莱 brunei bandar seri begawan brn bn bn brunei darussalam nation of brunei the abode of peace,,True,Natural Earth 10m populated places; ne_id=1159151083
BTN,BT,Bhutan,不丹,Thimphu,27.472986,89.639014,不丹 / Bhutan — Thimphu,不丹 bhutan thimphu btn bt bt kingdom of bhutan,,True,Natural Earth 10m populated places; ne_id=1159151151
BWA,BW,Botswana,博茨瓦纳,Gaborone,-24.646314,25.911948,博茨瓦纳 / Botswana — Gaborone,博茨瓦纳 botswana gaborone bwa bw bw republic of botswana lefatshe la botswana,,True,Natural Earth 10m populated places; ne_id=1159151153
CAF,CF,Central African Republic,中非共和国,Bangui,4.366644,18.558288,中非共和国 / Central African Republic — Bangui,中非共和国 central african republic bangui caf cf cf central african republic république centrafricaine,,True,Natural Earth 10m populated places; ne_id=1159151111
CAN,CA,Canada,加拿大,Ottawa,45.418643,-75.701961,加拿大 / Canada — Ottawa,加拿大 canada ottawa can ca ca,,True,Natural Earth 10m populated places; ne_id=1159151059
CHE,CH,Switzerland,瑞士,Bern,46.916683,7.466976,瑞士 / Switzerland — Bern,瑞士 switzerland bern che ch ch swiss confederation schweiz suisse svizzera svizra,伯尔尼为联邦城市及联邦政府所在地。,True,Natural Earth 10m populated places; ne_id=1159149737
CHL,CL,Chile,智利,Santiago,-33.440205,-70.650504,智利 / Chile — Santiago,智利 chile santiago chl cl cl republic of chile república de chile,,True,Natural Earth 10m populated places; ne_id=1159151615
CHN,CN,China,中国,Beijing,39.90172,116.394201,中国 / China — Beijing,中国 china beijing chn cn cn zhōngguó zhongguo zhonghua people's republic of china 中华人民共和国 zhōnghuá rénmín gònghéguó,,True,Natural Earth 10m populated places; ne_id=1159151595
CIV,CI,Ivory Coast,科特迪瓦,Yamoussoukro,6.818381,-5.275503,科特迪瓦 / Ivory Coast — Yamoussoukro,科特迪瓦 ivory coast yamoussoukro civ ci ci côte d'ivoire cote d'ivoire ivory coast republic of côte d'ivoire république de côte d'ivoire,法定首都亚穆苏克罗；阿比让仍有部分政府机构。,True,Natural Earth 10m populated places; ne_id=1159150999
CMR,CM,Cameroon,喀麦隆,Yaoundé,3.868647,11.514705,喀麦隆 / Cameroon — Yaoundé,喀麦隆 cameroon yaoundé cmr cm cm republic of cameroon république du cameroun,,True,Natural Earth 10m populated places; ne_id=1159151115
COD,CD,DR Congo,民主刚果,Kinshasa,-4.327778,15.313026,民主刚果 / DR Congo — Kinshasa,"民主刚果 dr congo kinshasa cod cd cd dr congo congo-kinshasa congo, the democratic republic of the democratic republic of congo drc",,True,Natural Earth 10m populated places; ne_id=1159151539
COG,CG,Congo,刚果,Brazzaville,-4.25724,15.282744,刚果 / Congo — Brazzaville,刚果 congo brazzaville cog cg cg congo congo-brazzaville,,True,Natural Earth 10m populated places; ne_id=1159150993
COK,CK,Cook Islands,库克群岛,Avarua,-21.196226,-159.785437,库克群岛 / Cook Islands — Avarua,库克群岛 cook islands avarua cok ck ck kūki 'āirani,库克群岛为与新西兰自由联合的自治国家。,False,Natural Earth 10m populated places; ne_id=1159149099
COL,CO,Colombia,哥伦比亚,Bogotá,4.598369,-74.08529,哥伦比亚 / Colombia — Bogotá,哥伦比亚 colombia bogotá col co co republic of colombia república de colombia,,True,Natural Earth 10m populated places; ne_id=1159151601
COM,KM,Comoros,科摩罗,Moroni,-11.704158,43.240244,科摩罗 / Comoros — Moroni,科摩罗 comoros moroni com km km union of the comoros union des comores udzima wa komori al-ittiḥād al-qumurī,,True,Natural Earth 10m populated places; ne_id=1159149083
CPV,CV,Cape Verde,佛得角,Praia,14.916698,-23.516689,佛得角 / Cape Verde — Praia,佛得角 cape verde praia cpv cv cv republic of cabo verde república de cabo verde,,True,Natural Earth 10m populated places; ne_id=1159151205
CRI,CR,Costa Rica,哥斯达黎加,San José,9.930371,-84.078814,哥斯达黎加 / Costa Rica — San José,哥斯达黎加 costa rica san josé cri cr cr republic of costa rica república de costa rica,,True,Natural Earth 10m populated places; ne_id=1159150849
CUB,CU,Cuba,古巴,Havana,23.133905,-82.366128,古巴 / Cuba — Havana,古巴 cuba havana cub cu cu republic of cuba república de cuba,,True,Natural Earth 10m populated places; ne_id=1159151347
CYP,CY,Cyprus,塞浦路斯,Nicosia,35.166677,33.366635,塞浦路斯 / Cyprus — Nicosia,塞浦路斯 cyprus nicosia cyp cy cy kýpros kıbrıs republic of cyprus κυπριακή δημοκρατία kıbrıs cumhuriyeti,,True,Natural Earth 10m populated places; ne_id=1159151209
CZE,CZ,Czechia,捷克,Prague,50.086967,14.422939,捷克 / Czechia — Prague,捷克 czechia prague cze cz cz česká republika česko,,True,Natural Earth 10m populated places; ne_id=1159151359
DEU,DE,Germany,德国,Berlin,52.523764,13.399603,德国 / Germany — Berlin,德国 germany berlin deu de de federal republic of germany bundesrepublik deutschland,,True,Natural Earth 10m populated places; ne_id=1159151529
DJI,DJ,Djibouti,吉布提,Djibouti,11.595014,43.148002,吉布提 / Djibouti — Djibouti,吉布提 djibouti djibouti dji dj dj jabuuti gabuuti republic of djibouti république de djibouti gabuutih ummuuno jamhuuriyadda jabuuti,,True,Natural Earth 10m populated places; ne_id=1159149869
DMA,DM,Dominica,多米尼加,Roseau,15.301016,-61.387013,多米尼加 / Dominica — Roseau,多米尼加 dominica roseau dma dm dm dominique wai‘tu kubuli commonwealth of dominica,,True,Natural Earth 10m populated places; ne_id=1159149847
DNK,DK,Denmark,丹麦,Copenhagen,55.68051,12.56154,丹麦 / Denmark — Copenhagen,丹麦 denmark copenhagen dnk dk dk danmark kingdom of denmark kongeriget danmark,,True,Natural Earth 10m populated places; ne_id=1159151437
DOM,DO,Dominican Republic,多明尼加,Santo Domingo,18.470745,-69.929742,多明尼加 / Dominican Republic — Santo Domingo,多明尼加 dominican republic santo domingo dom do do,,True,Natural Earth 10m populated places; ne_id=1159151401
DZA,DZ,Algeria,阿尔及利亚,Algiers,36.765011,3.048607,阿尔及利亚 / Algeria — Algiers,阿尔及利亚 algeria algiers dza dz dz dzayer algérie,,True,Natural Earth 10m populated places; ne_id=1159151471
ECU,EC,Ecuador,厄瓜多尔,Quito,-0.213042,-78.501997,厄瓜多尔 / Ecuador — Quito,厄瓜多尔 ecuador quito ecu ec ec republic of ecuador república del ecuador,,True,Natural Earth 10m populated places; ne_id=1159150847
EGY,EG,Egypt,埃及,Cairo,30.051906,31.248022,埃及 / Egypt — Cairo,埃及 egypt cairo egy eg eg arab republic of egypt,数据源采用开罗；政府部门向新行政首都搬迁不直接改变此数据记录。,True,Natural Earth 10m populated places; ne_id=1159151603
ERI,ER,Eritrea,厄立特里亚,Asmara,15.333339,38.933324,厄立特里亚 / Eritrea — Asmara,厄立特里亚 eritrea asmara eri er er state of eritrea ሃገረ ኤርትራ dawlat iritriyá ʾertrā iritriyā,,True,Natural Earth 10m populated places; ne_id=1159150873
ESP,ES,Spain,西班牙,Madrid,40.401972,-3.685297,西班牙 / Spain — Madrid,西班牙 spain madrid esp es es kingdom of spain reino de españa,,True,Natural Earth 10m populated places; ne_id=1159151503
EST,EE,Estonia,爱沙尼亚,Tallinn,59.433877,24.728041,爱沙尼亚 / Estonia — Tallinn,爱沙尼亚 estonia tallinn est ee ee eesti republic of estonia eesti vabariik,,True,Natural Earth 10m populated places; ne_id=1159150877
ETH,ET,Ethiopia,埃塞俄比亚,Addis Ababa,9.035256,38.698059,埃塞俄比亚 / Ethiopia — Addis Ababa,埃塞俄比亚 ethiopia addis ababa eth et et ʾītyōṗṗyā federal democratic republic of ethiopia የኢትዮጵያ ፌዴራላዊ ዲሞክራሲያዊ ሪፐብሊክ,,True,Natural Earth 10m populated places; ne_id=1159151549
FIN,FI,Finland,芬兰,Helsinki,60.163804,24.932457,芬兰 / Finland — Helsinki,芬兰 finland helsinki fin fi fi suomi republic of finland suomen tasavalta republiken finland,,True,Natural Earth 10m populated places; ne_id=1159151419
FJI,FJ,Fiji,斐济,Suva,-18.133016,178.441707,斐济 / Fiji — Suva,斐济 fiji suva fji fj fj viti republic of fiji matanitu ko viti fijī gaṇarājya,,True,Natural Earth 10m populated places; ne_id=1159150917
FRA,FR,France,法国,Paris,48.858092,2.352992,法国 / France — Paris,法国 france paris fra fr fr french republic république française,,True,Natural Earth 10m populated places; ne_id=1159151613
FSM,FM,Micronesia,密克罗尼西亚,Palikir,6.916644,158.149974,密克罗尼西亚 / Micronesia — Palikir,"密克罗尼西亚 micronesia palikir fsm fm fm federated states of micronesia micronesia, federated states of",,True,Natural Earth 10m populated places; ne_id=1159149061
GAB,GA,Gabon,加蓬,Libreville,0.385389,9.457965,加蓬 / Gabon — Libreville,加蓬 gabon libreville gab ga ga gabonese republic république gabonaise,,True,Natural Earth 10m populated places; ne_id=1159150913
GBR,GB,United Kingdom,英国,London,51.501941,-0.118668,英国 / United Kingdom — London,英国 united kingdom london gbr gb gb uk great britain,,True,Natural Earth 10m populated places; ne_id=1159151577
GEO,GE,Georgia,格鲁吉亚,Tbilisi,41.726956,44.78885,格鲁吉亚 / Georgia — Tbilisi,格鲁吉亚 georgia tbilisi geo ge ge sakartvelo,,True,Natural Earth 10m populated places; ne_id=1159150961
GHA,GH,Ghana,加纳,Accra,5.55198,-0.218662,加纳 / Ghana — Accra,加纳 ghana accra gha gh gh,,True,Natural Earth 10m populated places; ne_id=1159151403
GIN,GN,Guinea,几内亚,Conakry,9.533469,-13.682181,几内亚 / Guinea — Conakry,几内亚 guinea conakry gin gn gn republic of guinea république de guinée,,True,Natural Earth 10m populated places; ne_id=1159150997
GMB,GM,Gambia,冈比亚,Banjul,13.453876,-16.591701,冈比亚 / Gambia — Banjul,冈比亚 gambia banjul gmb gm gm republic of the gambia,,True,Natural Earth 10m populated places; ne_id=1159149997
GNB,GW,Guinea-Bissau,几内亚比绍,Bissau,11.865024,-15.598361,几内亚比绍 / Guinea-Bissau — Bissau,几内亚比绍 guinea-bissau bissau gnb gw gw republic of guinea-bissau república da guiné-bissau,,True,Natural Earth 10m populated places; ne_id=1159150803
GNQ,GQ,Equatorial Guinea,赤道几内亚,Malabo,3.750015,8.783278,赤道几内亚 / Equatorial Guinea — Malabo,赤道几内亚 equatorial guinea malabo gnq gq gq republic of equatorial guinea república de guinea ecuatorial république de guinée équatoriale república da guiné equatorial,,True,Natural Earth 10m populated places; ne_id=1159150867
GRC,GR,Greece,希腊,Athens,37.985272,23.731375,希腊 / Greece — Athens,希腊 greece athens grc gr gr elláda hellenic republic ελληνική δημοκρατία,,True,Natural Earth 10m populated places; ne_id=1159151545
GRD,GD,Grenada,格林纳达,St. George's,12.052633,-61.741643,格林纳达 / Grenada — St. George's,格林纳达 grenada st. george's grd gd gd,,True,Natural Earth 10m populated places; ne_id=1159150447
GTM,GT,Guatemala,危地马拉,Guatemala City,14.623081,-90.528911,危地马拉 / Guatemala — Guatemala City,危地马拉 guatemala guatemala city gtm gt gt,,True,Natural Earth 10m populated places; ne_id=1159150909
GUY,GY,Guyana,圭亚那,Georgetown,6.801974,-58.167029,圭亚那 / Guyana — Georgetown,圭亚那 guyana georgetown guy gy gy co-operative republic of guyana,,True,Natural Earth 10m populated places; ne_id=1159150585
HND,HN,Honduras,洪都拉斯,Tegucigalpa,14.103991,-87.219475,洪都拉斯 / Honduras — Tegucigalpa,洪都拉斯 honduras tegucigalpa hnd hn hn republic of honduras república de honduras,,True,Natural Earth 10m populated places; ne_id=1159150583
HRV,HR,Croatia,克罗地亚,Zagreb,45.800007,15.999995,克罗地亚 / Croatia — Zagreb,克罗地亚 croatia zagreb hrv hr hr hrvatska republic of croatia republika hrvatska,,True,Natural Earth 10m populated places; ne_id=1159150875
HTI,HT,Haiti,海地,Port-au-Prince,18.54297,-72.33798,海地 / Haiti — Port-au-Prince,海地 haiti port-au-prince hti ht ht republic of haiti république d'haïti repiblik ayiti,,True,Natural Earth 10m populated places; ne_id=1159150589
HUN,HU,Hungary,匈牙利,Budapest,47.501952,19.081375,匈牙利 / Hungary — Budapest,匈牙利 hungary budapest hun hu hu,,True,Natural Earth 10m populated places; ne_id=1159151257
IDN,ID,Indonesia,印度尼西亚,Jakarta,-6.172472,106.827492,印度尼西亚 / Indonesia — Jakarta,印度尼西亚 indonesia jakarta idn id id republic of indonesia republik indonesia,数据源采用雅加达；努山塔拉迁都计划仍应按最新法令核实。,True,Natural Earth 10m populated places; ne_id=1159151599
IND,IN,India,印度,New Delhi,28.600023,77.19998,印度 / India — New Delhi,印度 india new delhi ind in in bhārat republic of india bharat ganrajya இந்தியா,,True,Natural Earth 10m populated places; ne_id=1159151541
IRL,IE,Ireland,爱尔兰,Dublin,53.346731,-6.25698,爱尔兰 / Ireland — Dublin,爱尔兰 ireland dublin irl ie ie éire republic of ireland poblacht na héireann,,True,Natural Earth 10m populated places; ne_id=1159151309
IRN,IR,Iran,伊朗,Tehran,35.673889,51.422398,伊朗 / Iran — Tehran,"伊朗 iran tehran irn ir ir islamic republic of iran iran, islamic republic of jomhuri-ye eslāmi-ye irān",,True,Natural Earth 10m populated places; ne_id=1159151551
IRQ,IQ,Iraq,伊拉克,Baghdad,33.340594,44.391923,伊拉克 / Iraq — Baghdad,伊拉克 iraq baghdad irq iq iq republic of iraq jumhūriyyat al-‘irāq,,True,Natural Earth 10m populated places; ne_id=1159151547
ISL,IS,Iceland,冰岛,Reykjavik,64.143459,-21.936546,冰岛 / Iceland — Reykjavik,冰岛 iceland reykjavik isl is is island republic of iceland lýðveldið ísland,,True,Natural Earth 10m populated places; ne_id=1159150587
ISR,IL,Israel,以色列,Jerusalem,31.778408,35.206626,以色列 / Israel — Jerusalem,以色列 israel jerusalem isr il il state of israel medīnat yisrā'el,采用数据源的耶路撒冷坐标；该城市地位存在国际争议。,True,Natural Earth 10m populated places; ne_id=1159151203
ITA,IT,Italy,意大利,Rome,41.897902,12.481313,意大利 / Italy — Rome,意大利 italy rome ita it it italian republic repubblica italiana,,True,Natural Earth 10m populated places; ne_id=1159151593
JAM,JM,Jamaica,牙买加,Kingston,17.977077,-76.767434,牙买加 / Jamaica — Kingston,牙买加 jamaica kingston jam jm jm,,True,Natural Earth 10m populated places; ne_id=1159150855
JOR,JO,Jordan,约旦,Amman,31.951971,35.931354,约旦 / Jordan — Amman,约旦 jordan amman jor jo jo hashemite kingdom of jordan al-mamlakah al-urdunīyah al-hāshimīyah,,True,Natural Earth 10m populated places; ne_id=1159150807
JPN,JP,Japan,日本,Tokyo,35.686963,139.749462,日本 / Japan — Tokyo,日本 japan tokyo jpn jp jp nippon nihon,,True,Natural Earth 10m populated places; ne_id=1159151609
KAZ,KZ,Kazakhstan,哈萨克斯坦,Astana,51.181125,71.427774,哈萨克斯坦 / Kazakhstan — Astana,哈萨克斯坦 kazakhstan astana kaz kz kz qazaqstan казахстан republic of kazakhstan қазақстан республикасы qazaqstan respublïkası республика казахстан respublika kazakhstan,,True,Natural Earth 10m populated places; ne_id=1159150965
KEN,KE,Kenya,肯尼亚,Nairobi,-1.281401,36.814711,肯尼亚 / Kenya — Nairobi,肯尼亚 kenya nairobi ken ke ke republic of kenya jamhuri ya kenya,,True,Natural Earth 10m populated places; ne_id=1159151597
KGZ,KG,Kyrgyzstan,吉尔吉斯斯坦,Bishkek,42.875025,74.583258,吉尔吉斯斯坦 / Kyrgyzstan — Bishkek,吉尔吉斯斯坦 kyrgyzstan bishkek kgz kg kg киргизия kyrgyz republic кыргыз республикасы kyrgyz respublikasy,,True,Natural Earth 10m populated places; ne_id=1159150813
KHM,KH,Cambodia,柬埔寨,Phnom Penh,11.551976,104.914689,柬埔寨 / Cambodia — Phnom Penh,柬埔寨 cambodia phnom penh khm kh kh kingdom of cambodia,,True,Natural Earth 10m populated places; ne_id=1159151127
KIR,KI,Kiribati,基里巴斯,Tarawa,1.338188,173.017571,基里巴斯 / Kiribati — Tarawa,基里巴斯 kiribati tarawa kir ki ki republic of kiribati ribaberiki kiribati,,True,Natural Earth 10m populated places; ne_id=1159149079
KNA,KN,Saint Kitts and Nevis,圣基茨和尼维斯,Basseterre,17.302031,-62.717009,圣基茨和尼维斯 / Saint Kitts and Nevis — Basseterre,圣基茨和尼维斯 saint kitts and nevis basseterre kna kn kn federation of saint christopher and nevis,,True,Natural Earth 10m populated places; ne_id=1159150435
KOR,KR,South Korea,韩国,Seoul,37.568295,126.997785,韩国 / South Korea — Seoul,"韩国 south korea seoul kor kr kr korea, republic of republic of korea 남한 남조선",,True,Natural Earth 10m populated places; ne_id=1159151523
KWT,KW,Kuwait,科威特,Kuwait City,29.371664,47.976355,科威特 / Kuwait — Kuwait City,科威特 kuwait kuwait city kwt kw kw state of kuwait dawlat al-kuwait,,True,Natural Earth 10m populated places; ne_id=1159151361
LAO,LA,Laos,老挝,Vientiane,17.966693,102.59998,老挝 / Laos — Vientiane,老挝 laos vientiane lao la la lao lao people's democratic republic sathalanalat paxathipatai paxaxon lao,,True,Natural Earth 10m populated places; ne_id=1159150991
LBN,LB,Lebanon,黎巴嫩,Beirut,33.873921,35.507762,黎巴嫩 / Lebanon — Beirut,黎巴嫩 lebanon beirut lbn lb lb lebanese republic al-jumhūrīyah al-libnānīyah,,True,Natural Earth 10m populated places; ne_id=1159150957
LBR,LR,Liberia,利比里亚,Monrovia,6.314582,-10.79966,利比里亚 / Liberia — Monrovia,利比里亚 liberia monrovia lbr lr lr republic of liberia,,True,Natural Earth 10m populated places; ne_id=1159151311
LBY,LY,Libya,利比亚,Tripoli,32.8925,13.180012,利比亚 / Libya — Tripoli,利比亚 libya tripoli lby ly ly state of libya dawlat libya,,True,Natural Earth 10m populated places; ne_id=1159151415
LCA,LC,Saint Lucia,圣卢西亚,Castries,14.007875,-60.992875,圣卢西亚 / Saint Lucia — Castries,圣卢西亚 saint lucia castries lca lc lc,,True,Natural Earth 10m populated places; ne_id=1159150433
LIE,LI,Liechtenstein,列支敦士登,Vaduz,47.133724,9.51667,列支敦士登 / Liechtenstein — Vaduz,列支敦士登 liechtenstein vaduz lie li li principality of liechtenstein fürstentum liechtenstein,,True,Natural Earth 10m populated places; ne_id=1159146061
LKA,LK,Sri Lanka,斯里兰卡,Sri Jayewardenepura Kotte,6.900004,79.949993,斯里兰卡 / Sri Lanka — Sri Jayewardenepura Kotte,斯里兰卡 sri lanka sri jayewardenepura kotte lka lk lk ilaṅkai democratic socialist republic of sri lanka,此处选立法首都斯里贾亚瓦德纳普拉科特；科伦坡为行政商业中心。,True,Natural Earth 10m populated places; ne_id=1159149593
LSO,LS,Lesotho,莱索托,Maseru,-29.316674,27.483273,莱索托 / Lesotho — Maseru,莱索托 lesotho maseru lso ls ls kingdom of lesotho muso oa lesotho,,True,Natural Earth 10m populated places; ne_id=1159150831
LTU,LT,Lithuania,立陶宛,Vilnius,54.683366,25.316635,立陶宛 / Lithuania — Vilnius,立陶宛 lithuania vilnius ltu lt lt republic of lithuania lietuvos respublika,,True,Natural Earth 10m populated places; ne_id=1159150809
LUX,LU,Luxembourg,卢森堡,Luxembourg,49.61166,6.130003,卢森堡 / Luxembourg — Luxembourg,卢森堡 luxembourg luxembourg lux lu lu grand duchy of luxembourg grand-duché de luxembourg großherzogtum luxemburg groussherzogtum lëtzebuerg,,True,Natural Earth 10m populated places; ne_id=1159146437
LVA,LV,Latvia,拉脱维亚,Riga,56.950024,24.099965,拉脱维亚 / Latvia — Riga,拉脱维亚 latvia riga lva lv lv republic of latvia latvijas republika,,True,Natural Earth 10m populated places; ne_id=1159150811
MAR,MA,Morocco,摩洛哥,Rabat,34.025307,-6.836408,摩洛哥 / Morocco — Rabat,摩洛哥 morocco rabat mar ma ma kingdom of morocco al-mamlakah al-maġribiyah,,True,Natural Earth 10m populated places; ne_id=1159150673
MCO,MC,Monaco,摩纳哥,Monaco,43.739646,7.406913,摩纳哥 / Monaco — Monaco,摩纳哥 monaco monaco mco mc mc principality of monaco principauté de monaco,,True,Natural Earth 10m populated places; ne_id=1159149077
MDA,MD,Moldova,摩尔多瓦,Chișinău,47.005024,28.857711,摩尔多瓦 / Moldova — Chișinău,"摩尔多瓦 moldova chișinău mda md md moldova, republic of republic of moldova republica moldova",,True,Natural Earth 10m populated places; ne_id=1159150677
MDG,MG,Madagascar,马达加斯加,Antananarivo,-18.914691,47.514678,马达加斯加 / Madagascar — Antananarivo,马达加斯加 madagascar antananarivo mdg mg mg republic of madagascar repoblikan'i madagasikara république de madagascar,,True,Natural Earth 10m populated places; ne_id=1159150835
MDV,MV,Maldives,马尔代夫,Malé,4.172037,73.508901,马尔代夫 / Maldives — Malé,马尔代夫 maldives malé mdv mv mv maldive islands republic of the maldives dhivehi raajjeyge jumhooriyya,,True,Natural Earth 10m populated places; ne_id=1159151201
MEX,MX,Mexico,墨西哥,Mexico City,19.444388,-99.132934,墨西哥 / Mexico — Mexico City,墨西哥 mexico mexico city mex mx mx mexicanos united mexican states estados unidos mexicanos,,True,Natural Earth 10m populated places; ne_id=1159151587
MHL,MH,Marshall Islands,马绍尔群岛,Majuro,7.103004,171.38,马绍尔群岛 / Marshall Islands — Majuro,马绍尔群岛 marshall islands majuro mhl mh mh republic of the marshall islands aolepān aorōkin m̧ajeļ,,True,Natural Earth 10m populated places; ne_id=1159149063
MKD,MK,North Macedonia,北馬其頓,Skopje,42.000006,21.433461,北馬其頓 / North Macedonia — Skopje,"北馬其頓 north macedonia skopje mkd mk mk the former yugoslav republic of macedonia republic of north macedonia macedonia, the former yugoslav republic of република северна македонија macedonia",,True,Natural Earth 10m populated places; ne_id=1159150073
MLI,ML,Mali,马里,Bamako,12.65196,-8.001985,马里 / Mali — Bamako,马里 mali bamako mli ml ml republic of mali république du mali,,True,Natural Earth 10m populated places; ne_id=1159150945
MLT,MT,Malta,马耳他,Valletta,35.899732,14.514711,马耳他 / Malta — Valletta,马耳他 malta valletta mlt mt mt republic of malta repubblika ta' malta,,True,Natural Earth 10m populated places; ne_id=1159151199
MMR,MM,Myanmar,缅甸,Naypyidaw,19.768503,96.116673,缅甸 / Myanmar — Naypyidaw,缅甸 myanmar naypyidaw mmr mm mm burma republic of the union of myanmar pyidaunzu thanmăda myăma nainngandaw,,True,Natural Earth 10m populated places; ne_id=1159151179
MNE,ME,Montenegro,黑山,Podgorica,42.465972,19.266307,黑山 / Montenegro — Podgorica,黑山 montenegro podgorica mne me me crna gora,,True,Natural Earth 10m populated places; ne_id=1159149511
MNG,MN,Mongolia,蒙古,Ulan Bator,47.918619,106.91467,蒙古 / Mongolia — Ulan Bator,蒙古 mongolia ulan bator mng mn mn,,True,Natural Earth 10m populated places; ne_id=1159150781
MOZ,MZ,Mozambique,莫桑比克,Maputo,-25.953332,32.587217,莫桑比克 / Mozambique — Maputo,莫桑比克 mozambique maputo moz mz mz republic of mozambique república de moçambique,,True,Natural Earth 10m populated places; ne_id=1159150683
MRT,MR,Mauritania,毛里塔尼亚,Nouakchott,18.086427,-15.97534,毛里塔尼亚 / Mauritania — Nouakchott,毛里塔尼亚 mauritania nouakchott mrt mr mr islamic republic of mauritania al-jumhūriyyah al-ʾislāmiyyah al-mūrītāniyyah,,True,Natural Earth 10m populated places; ne_id=1159150943
MUS,MU,Mauritius,毛里求斯,Port Louis,-20.166639,57.499994,毛里求斯 / Mauritius — Port Louis,毛里求斯 mauritius port louis mus mu mu republic of mauritius république de maurice,,True,Natural Earth 10m populated places; ne_id=1159150443
MWI,MW,Malawi,马拉维,Lilongwe,-13.983295,33.783302,马拉维 / Malawi — Lilongwe,马拉维 malawi lilongwe mwi mw mw republic of malawi,,True,Natural Earth 10m populated places; ne_id=1159150907
MYS,MY,Malaysia,马来西亚,Kuala Lumpur,3.139797,101.688699,马来西亚 / Malaysia — Kuala Lumpur,马来西亚 malaysia kuala lumpur mys my my,首都吉隆坡；布城为联邦行政中心。,True,Natural Earth 10m populated places; ne_id=1159151317
NAM,NA,Namibia,纳米比亚,Windhoek,-22.570006,17.083546,纳米比亚 / Namibia — Windhoek,纳米比亚 namibia windhoek nam na na namibië republic of namibia,,True,Natural Earth 10m populated places; ne_id=1159150785
NER,NE,Niger,尼日尔,Niamey,13.491643,7.096404,尼日尔 / Niger — Niamey,尼日尔 niger niamey ner ne ne nijar,,True,Natural Earth 10m populated places; ne_id=1159149391
NGA,NG,Nigeria,尼日利亚,Abuja,9.05462,7.489505,尼日利亚 / Nigeria — Abuja,尼日利亚 nigeria abuja nga ng ng nijeriya naíjíríà federal republic of nigeria,,True,Natural Earth 10m populated places; ne_id=1159150799
NIC,NI,Nicaragua,尼加拉瓜,Managua,12.154962,-86.270437,尼加拉瓜 / Nicaragua — Managua,尼加拉瓜 nicaragua managua nic ni ni republic of nicaragua república de nicaragua,,True,Natural Earth 10m populated places; ne_id=1159150623
NIU,NU,Niue,纽埃,Alofi,-19.0534159,-169.919199,纽埃 / Niue — Alofi,纽埃 niue alofi niu nu nu,纽埃为与新西兰自由联合的自治国家。,False,"OpenStreetMap Nominatim, https://nominatim.openstreetmap.org/search?q=Alofi%2C+Niue&format=jsonv2&limit=1"
NLD,NL,Netherlands,荷兰,Amsterdam,52.351914,4.914694,荷兰 / Netherlands — Amsterdam,荷兰 netherlands amsterdam nld nl nl holland nederland the netherlands,宪法首都阿姆斯特丹；政府所在地为海牙。,True,Natural Earth 10m populated places; ne_id=1159151519
NOR,NO,Norway,挪威,Oslo,59.918636,10.748033,挪威 / Norway — Oslo,挪威 norway oslo nor no no norge noreg kingdom of norway kongeriket norge kongeriket noreg,,True,Natural Earth 10m populated places; ne_id=1159151281
NPL,NP,Nepal,尼泊尔,Kathmandu,27.718638,85.314696,尼泊尔 / Nepal — Kathmandu,尼泊尔 nepal kathmandu npl np np federal democratic republic of nepal loktāntrik ganatantra nepāl,,True,Natural Earth 10m populated places; ne_id=1159150655
NRU,NR,Nauru,瑙鲁,Yaren,-0.5471064,166.9163479,瑙鲁 / Nauru — Yaren,瑙鲁 nauru yaren nru nr nr naoero pleasant island republic of nauru ripublik naoero,瑙鲁没有正式首都；亚伦为政府所在地。,True,"OpenStreetMap Nominatim, https://nominatim.openstreetmap.org/search?q=Yaren%2C+Nauru&format=jsonv2&limit=1"
NZL,NZ,New Zealand,新西兰,Wellington,-41.292068,174.777201,新西兰 / New Zealand — Wellington,新西兰 new zealand wellington nzl nz nz aotearoa,,True,Natural Earth 10m populated places; ne_id=1159151699
OMN,OM,Oman,阿曼,Muscat,23.585179,58.378311,阿曼 / Oman — Muscat,阿曼 oman muscat omn om om sultanate of oman salṭanat ʻumān,,True,Natural Earth 10m populated places; ne_id=1159150717
PAK,PK,Pakistan,巴基斯坦,Islamabad,33.689368,73.08063,巴基斯坦 / Pakistan — Islamabad,巴基斯坦 pakistan islamabad pak pk pk pākistān islamic republic of pakistan islāmī jumhūriya'eh pākistān,,True,Natural Earth 10m populated places; ne_id=1159150645
PAN,PA,Panama,巴拿马,Panama City,8.969963,-79.534983,巴拿马 / Panama — Panama City,巴拿马 panama panama city pan pa pa republic of panama república de panamá,,True,Natural Earth 10m populated places; ne_id=1159150667
PER,PE,Peru,秘鲁,Lima,-12.046067,-77.052008,秘鲁 / Peru — Lima,秘鲁 peru lima per pe pe republic of peru república del perú,,True,Natural Earth 10m populated places; ne_id=1159151511
PHL,PH,Philippines,菲律宾,Manila,14.606105,120.980271,菲律宾 / Philippines — Manila,菲律宾 philippines manila phl ph ph republic of the philippines repúblika ng pilipinas,,True,Natural Earth 10m populated places; ne_id=1159151525
PLW,PW,Palau,帕劳,Ngerulmud,7.5006446,134.6242864,帕劳 / Palau — Ngerulmud,帕劳 palau ngerulmud plw pw pw republic of palau beluu er a belau,,True,"OpenStreetMap Nominatim, https://nominatim.openstreetmap.org/search?q=Ngerulmud%2C+Palau&format=jsonv2&limit=1"
PNG,PG,Papua New Guinea,巴布亚新几内亚,Port Moresby,-9.464708,147.192504,巴布亚新几内亚 / Papua New Guinea — Port Moresby,巴布亚新几内亚 papua new guinea port moresby png pg pg independent state of papua new guinea independen stet bilong papua niugini,,True,Natural Earth 10m populated places; ne_id=1159150663
POL,PL,Poland,波兰,Warsaw,52.230872,21.005347,波兰 / Poland — Warsaw,波兰 poland warsaw pol pl pl republic of poland rzeczpospolita polska,,True,Natural Earth 10m populated places; ne_id=1159151299
PRK,KP,North Korea,朝鲜,Pyongyang,39.021385,125.752745,朝鲜 / North Korea — Pyongyang,"朝鲜 north korea pyongyang prk kp kp democratic people's republic of korea dprk 조선민주주의인민공화국 chosŏn minjujuŭi inmin konghwaguk korea, democratic people's republic of 북한 북조선",,True,Natural Earth 10m populated places; ne_id=1159151303
PRT,PT,Portugal,葡萄牙,Lisbon,38.724669,-9.146812,葡萄牙 / Portugal — Lisbon,葡萄牙 portugal lisbon prt pt pt portuguesa portuguese republic república portuguesa,,True,Natural Earth 10m populated places; ne_id=1159151273
PRY,PY,Paraguay,巴拉圭,Asunción,-25.290671,-57.625834,巴拉圭 / Paraguay — Asunción,巴拉圭 paraguay asunción pry py py republic of paraguay república del paraguay tetã paraguái,,True,Natural Earth 10m populated places; ne_id=1159150621
PSE,PS,Palestine,巴勒斯坦,Ramallah,31.902945,35.206209,巴勒斯坦 / Palestine — Ramallah,"巴勒斯坦 palestine ramallah pse ps ps palestine, state of state of palestine dawlat filasṭin",此处采用行政中心拉姆安拉坐标；东耶路撒冷为其所主张的首都。,False,Natural Earth 10m populated places; ne_id=1159121947
QAT,QA,Qatar,卡塔尔,Doha,25.286556,51.532968,卡塔尔 / Qatar — Doha,卡塔尔 qatar doha qat qa qa state of qatar dawlat qaṭar,,True,Natural Earth 10m populated places; ne_id=1159149469
ROU,RO,Romania,罗马尼亚,Bucharest,44.435318,26.098001,罗马尼亚 / Romania — Bucharest,罗马尼亚 romania bucharest rou ro ro rumania roumania românia,,True,Natural Earth 10m populated places; ne_id=1159151263
RUS,RU,Russia,俄罗斯,Moscow,55.75411,37.613577,俄罗斯 / Russia — Moscow,俄罗斯 russia moscow rus ru ru russian federation российская федерация,,True,Natural Earth 10m populated places; ne_id=1159151585
RWA,RW,Rwanda,卢旺达,Kigali,-1.951644,30.058586,卢旺达 / Rwanda — Kigali,卢旺达 rwanda kigali rwa rw rw republic of rwanda repubulika y'u rwanda république du rwanda,,True,Natural Earth 10m populated places; ne_id=1159149385
SAU,SA,Saudi Arabia,沙特阿拉伯,Riyadh,24.634497,46.720487,沙特阿拉伯 / Saudi Arabia — Riyadh,沙特阿拉伯 saudi arabia riyadh sau sa saudi sa kingdom of saudi arabia al-mamlakah al-‘arabiyyah as-su‘ūdiyyah,,True,Natural Earth 10m populated places; ne_id=1159151581
SDN,SD,Sudan,苏丹,Khartoum,15.590024,32.532233,苏丹 / Sudan — Khartoum,苏丹 sudan khartoum sdn sd sd republic of the sudan jumhūrīyat as-sūdān,,True,Natural Earth 10m populated places; ne_id=1159151275
SEN,SN,Senegal,塞内加尔,Dakar,14.717778,-17.475076,塞内加尔 / Senegal — Dakar,塞内加尔 senegal dakar sen sn sn republic of senegal république du sénégal,,True,Natural Earth 10m populated places; ne_id=1159151513
SGP,SG,Singapore,新加坡,Singapore,1.294979,103.853875,新加坡 / Singapore — Singapore,新加坡 singapore singapore sgp sg sg singapura republik singapura 新加坡共和国,,True,Natural Earth 10m populated places; ne_id=1159151627
SLB,SB,Solomon Islands,所罗门群岛,Honiara,-9.437994,159.949766,所罗门群岛 / Solomon Islands — Honiara,所罗门群岛 solomon islands honiara slb sb sb,,True,Natural Earth 10m populated places; ne_id=1159150665
SLE,SL,Sierra Leone,塞拉利昂,Freetown,8.471957,-13.236162,塞拉利昂 / Sierra Leone — Freetown,塞拉利昂 sierra leone freetown sle sl sl republic of sierra leone,,True,Natural Earth 10m populated places; ne_id=1159150625
SLV,SV,El Salvador,萨尔瓦多,San Salvador,13.70328,-89.215576,萨尔瓦多 / El Salvador — San Salvador,萨尔瓦多 el salvador san salvador slv sv sv republic of el salvador república de el salvador,,True,Natural Earth 10m populated places; ne_id=1159150853
SMR,SM,San Marino,圣马力诺,City of San Marino,43.936096,12.44177,圣马力诺 / San Marino — City of San Marino,圣马力诺 san marino city of san marino smr sm sm republic of san marino repubblica di san marino,,True,Natural Earth 10m populated places; ne_id=1159146051
SOM,SO,Somalia,索马里,Mogadishu,2.068627,45.364732,索马里 / Somalia — Mogadishu,索马里 somalia mogadishu som so so aṣ-ṣūmāl federal republic of somalia jamhuuriyadda federaalka soomaaliya jumhūriyyat aṣ-ṣūmāl al-fiderāliyya,,True,Natural Earth 10m populated places; ne_id=1159150715
SRB,RS,Serbia,塞尔维亚,Belgrade,44.820591,20.466045,塞尔维亚 / Serbia — Belgrade,塞尔维亚 serbia belgrade srb rs rs srbija republika srbija србија република србија republic of serbia,,True,Natural Earth 10m populated places; ne_id=1159151079
SSD,SS,South Sudan,南苏丹,Juba,4.829975,31.580026,南苏丹 / South Sudan — Juba,南苏丹 south sudan juba ssd ss ss,,True,Natural Earth 10m populated places; ne_id=1159149449
STP,ST,São Tomé and Príncipe,圣多美和普林西比,São Tomé,0.337466,6.72965,圣多美和普林西比 / São Tomé and Príncipe — São Tomé,圣多美和普林西比 são tomé and príncipe são tomé stp st st democratic republic of são tomé and príncipe sao tome and principe república democrática de são tomé e príncipe,,True,Natural Earth 10m populated places; ne_id=1159151195
SUR,SR,Suriname,苏里南,Paramaribo,5.83503,-55.167031,苏里南 / Suriname — Paramaribo,苏里南 suriname paramaribo sur sr sr sarnam sranangron republic of suriname republiek suriname,,True,Natural Earth 10m populated places; ne_id=1159150597
SVK,SK,Slovakia,斯洛伐克,Bratislava,48.150018,17.116981,斯洛伐克 / Slovakia — Bratislava,斯洛伐克 slovakia bratislava svk sk sk slovak republic slovenská republika,,True,Natural Earth 10m populated places; ne_id=1159149463
SVN,SI,Slovenia,斯洛文尼亚,Ljubljana,46.055288,14.514969,斯洛文尼亚 / Slovenia — Ljubljana,斯洛文尼亚 slovenia ljubljana svn si si republic of slovenia republika slovenija,,True,Natural Earth 10m populated places; ne_id=1159149461
SWE,SE,Sweden,瑞典,Stockholm,59.324127,18.0663,瑞典 / Sweden — Stockholm,瑞典 sweden stockholm swe se se kingdom of sweden konungariket sverige,,True,Natural Earth 10m populated places; ne_id=1159151507
SWZ,SZ,Eswatini,斯威士兰,Mbabane,-26.316651,31.133335,斯威士兰 / Eswatini — Mbabane,斯威士兰 eswatini mbabane swz sz sz swaziland weswatini swatini ngwane kingdom of eswatini umbuso weswatini,此处选行政首都姆巴巴内；洛班巴为王室及立法中心。,True,Natural Earth 10m populated places; ne_id=1159149413
SYC,SC,Seychelles,塞舌尔,Victoria,-4.616632,55.44999,塞舌尔 / Seychelles — Victoria,塞舌尔 seychelles victoria syc sc sc republic of seychelles repiblik sesel république des seychelles,,True,Natural Earth 10m populated places; ne_id=1159151191
SYR,SY,Syria,叙利亚,Damascus,33.50198,36.29805,叙利亚 / Syria — Damascus,叙利亚 syria damascus syr sy sy syrian arab republic al-jumhūrīyah al-ʻarabīyah as-sūrīyah,,True,Natural Earth 10m populated places; ne_id=1159151269
TCD,TD,Chad,乍得,N'Djamena,12.115042,15.047202,乍得 / Chad — N'Djamena,乍得 chad n'djamena tcd td td tchad republic of chad république du tchad,,True,Natural Earth 10m populated places; ne_id=1159150863
TGO,TG,Togo,多哥,Lomé,6.133883,1.220811,多哥 / Togo — Lomé,多哥 togo lomé tgo tg tg togolese togolese republic république togolaise,,True,Natural Earth 10m populated places; ne_id=1159150535
THA,TH,Thailand,泰国,Bangkok,13.751945,100.514699,泰国 / Thailand — Bangkok,泰国 thailand bangkok tha th th prathet thai kingdom of thailand ราชอาณาจักรไทย ratcha anachak thai,,True,Natural Earth 10m populated places; ne_id=1159151509
TJK,TJ,Tajikistan,塔吉克斯坦,Dushanbe,38.560035,68.773879,塔吉克斯坦 / Tajikistan — Dushanbe,塔吉克斯坦 tajikistan dushanbe tjk tj tj toçikiston republic of tajikistan ҷумҳурии тоҷикистон çumhuriyi toçikiston,,True,Natural Earth 10m populated places; ne_id=1159150609
TKM,TM,Turkmenistan,土库曼斯坦,Ashgabat,37.949995,58.383299,土库曼斯坦 / Turkmenistan — Ashgabat,土库曼斯坦 turkmenistan ashgabat tkm tm tm,,True,Natural Earth 10m populated places; ne_id=1159150567
TLS,TL,Timor-Leste,东帝汶,Dili,-8.559388,125.579456,东帝汶 / Timor-Leste — Dili,东帝汶 timor-leste dili tls tl tl east timor timor democratic republic of timor-leste república democrática de timor-leste repúblika demokrátika timór-leste timór lorosa'e timor lorosae,,True,Natural Earth 10m populated places; ne_id=1159150577
TON,TO,Tonga,汤加,Nuku'alofa,-21.138512,-175.220564,汤加 / Tonga — Nuku'alofa,汤加 tonga nuku'alofa ton to to,,True,Natural Earth 10m populated places; ne_id=1159151187
TTO,TT,Trinidad and Tobago,特立尼达和多巴哥,Port of Spain,10.651997,-61.517031,特立尼达和多巴哥 / Trinidad and Tobago — Port of Spain,特立尼达和多巴哥 trinidad and tobago port of spain tto tt tt republic of trinidad and tobago,,True,Natural Earth 10m populated places; ne_id=1159149307
TUN,TN,Tunisia,突尼斯,Tunis,36.802778,10.179678,突尼斯 / Tunisia — Tunis,突尼斯 tunisia tunis tun tn tn republic of tunisia al-jumhūriyyah at-tūnisiyyah,,True,Natural Earth 10m populated places; ne_id=1159150537
TUR,TR,Türkiye,土耳其,Ankara,39.929184,32.862446,土耳其 / Türkiye — Ankara,土耳其 türkiye ankara tur tr tr turkiye republic of turkey türkiye cumhuriyeti,,True,Natural Earth 10m populated places; ne_id=1159151255
TUV,TV,Tuvalu,图瓦卢,Funafuti,-8.516652,179.216647,图瓦卢 / Tuvalu — Funafuti,图瓦卢 tuvalu funafuti tuv tv tv,,True,Natural Earth 10m populated places; ne_id=1159149071
TWN,TW,Taiwan,台灣,Taipei,25.035833,121.568333,台灣 / Taiwan — Taipei,台灣 taiwan taipei twn tw tw táiwān republic of china 中華民國 zhōnghuá mínguó chinese taipei,,False,Natural Earth 10m populated places; ne_id=1159151567
TZA,TZ,Tanzania,坦桑尼亚,Dodoma,-6.183306,35.750004,坦桑尼亚 / Tanzania — Dodoma,"坦桑尼亚 tanzania dodoma tza tz tz tanzania, united republic of united republic of tanzania jamhuri ya muungano wa tanzania",首都多多马；达累斯萨拉姆为原首都。,True,Natural Earth 10m populated places; ne_id=1159149731
UGA,UG,Uganda,乌干达,Kampala,0.318605,32.581378,乌干达 / Uganda — Kampala,乌干达 uganda kampala uga ug ug republic of uganda jamhuri ya uganda,,True,Natural Earth 10m populated places; ne_id=1159150593
UKR,UA,Ukraine,乌克兰,Kyiv,50.435313,30.514682,乌克兰 / Ukraine — Kyiv,乌克兰 ukraine kyiv ukr ua ua ukrayina,,True,Natural Earth 10m populated places; ne_id=1159151495
XKX,XK,Kosovo,科索沃,Pristina,42.66671,21.165984,科索沃 / Kosovo — Pristina,科索沃 kosovo pristina xkx xk xk република косово,,False,Natural Earth 10m populated places; ne_id=1159149757
URY,UY,Uruguay,乌拉圭,Montevideo,-34.905376,-56.186823,乌拉圭 / Uruguay — Montevideo,乌拉圭 uruguay montevideo ury uy uy oriental republic of uruguay república oriental del uruguay,,True,Natural Earth 10m populated places; ne_id=1159150469
USA,US,United States,美国,Washington D.C.,38.901495,-77.011364,美国 / United States — Washington D.C.,美国 united states washington d.c. usa us us usa united states of america,,True,Natural Earth 10m populated places; ne_id=1159151573
UZB,UZ,Uzbekistan,乌兹别克斯坦,Tashkent,41.303828,69.268823,乌兹别克斯坦 / Uzbekistan — Tashkent,乌兹别克斯坦 uzbekistan tashkent uzb uz uz republic of uzbekistan o‘zbekiston respublikasi ўзбекистон республикаси,,True,Natural Earth 10m populated places; ne_id=1159151501
VAT,VA,Vatican City,梵蒂冈,Vatican City,41.903282,12.453387,梵蒂冈 / Vatican City — Vatican City,梵蒂冈 vatican city vatican city vat va va holy see (vatican city state) vatican city state vatican stato della città del vaticano,联合国观察员为圣座；地图点位为梵蒂冈城。,False,Natural Earth 10m populated places; ne_id=1159127243
VCT,VC,Saint Vincent and the Grenadines,圣文森特和格林纳丁斯,Kingstown,13.155756,-61.220236,圣文森特和格林纳丁斯 / Saint Vincent and the Grenadines — Kingstown,圣文森特和格林纳丁斯 saint vincent and the grenadines kingstown vct vc vc,,True,Natural Earth 10m populated places; ne_id=1159150431
VEN,VE,Venezuela,委内瑞拉,Caracas,10.502944,-66.918983,委内瑞拉 / Venezuela — Caracas,"委内瑞拉 venezuela caracas ven ve ve bolivarian republic of venezuela venezuela, bolivarian republic of república bolivariana de venezuela",,True,Natural Earth 10m populated places; ne_id=1159151493
VNM,VN,Vietnam,越南,Hanoi,21.035273,105.848068,越南 / Vietnam — Hanoi,越南 vietnam hanoi vnm vn vn socialist republic of vietnam cộng hòa xã hội chủ nghĩa việt nam viet nam,,True,Natural Earth 10m populated places; ne_id=1159151251
VUT,VU,Vanuatu,瓦努阿图,Port Vila,-17.73335,168.316641,瓦努阿图 / Vanuatu — Port Vila,瓦努阿图 vanuatu port vila vut vu vu republic of vanuatu ripablik blong vanuatu république de vanuatu,,True,Natural Earth 10m populated places; ne_id=1159150579
WSM,WS,Samoa,萨摩亚,Apia,-13.835715,-171.768599,萨摩亚 / Samoa — Apia,萨摩亚 samoa apia wsm ws ws independent state of samoa malo saʻoloto tutoʻatasi o sāmoa,,True,Natural Earth 10m populated places; ne_id=1159151197
YEM,YE,Yemen,也门,Sana'a,15.356679,44.204648,也门 / Yemen — Sana'a,也门 yemen sana'a yem ye ye yemeni republic al-jumhūriyyah al-yamaniyyah,,True,Natural Earth 10m populated places; ne_id=1159151259
ZAF,ZA,South Africa,南非,Pretoria,-25.704975,28.227483,南非 / South Africa — Pretoria,南非 south africa pretoria zaf za za rsa suid-afrika republic of south africa,此处选行政首都比勒陀利亚；另有立法首都开普敦、司法首都布隆方丹。,True,Natural Earth 10m populated places; ne_id=1159150661
ZMB,ZM,Zambia,赞比亚,Lusaka,-15.414698,28.281382,赞比亚 / Zambia — Lusaka,赞比亚 zambia lusaka zmb zm zm republic of zambia,,True,Natural Earth 10m populated places; ne_id=1159150571
ZWE,ZW,Zimbabwe,津巴布韦,Harare,-17.815844,31.042764,津巴布韦 / Zimbabwe — Harare,津巴布韦 zimbabwe harare zwe zw zw republic of zimbabwe,,True,Natural Earth 10m populated places; ne_id=1159150573
